{"cameraMode":{"drawMode":0,"name":"Shaded","section":"Shading Mode"},"sceneLighting":false,"audioPlay":false,"sceneViewState":{"showFog":true,"showMaterialUpdate":false,"showSkybox":true,"showFlares":true,"showImageEffects":true,"showParticleSystems":true},"in2DMode":false,"pivot":{"x":-8.783012390136719,"y":-0.2320384979248047,"z":-44.84735870361328},"rotation":{"x":-0.14501172304153443,"y":-0.061700884252786639,"z":0.009059753268957138,"w":-0.9874685406684876},"size":58.194183349609378,"orthographic":false}